table_name,ordinal_position,column_name,data_type,is_nullable,column_default
accounts_portalactivity,1,id,bigint,NO,
accounts_portalactivity,2,action,character varying,NO,
accounts_portalactivity,3,object_type,character varying,NO,
accounts_portalactivity,4,object_id,character varying,NO,
accounts_portalactivity,5,object_label,character varying,NO,
accounts_portalactivity,6,created_at,timestamp with time zone,NO,
accounts_portalactivity,7,user_id,integer,YES,
accounts_userprofile,1,id,bigint,NO,
accounts_userprofile,2,role,character varying,NO,
accounts_userprofile,3,lms_user_id,character varying,NO,
accounts_userprofile,4,created_at,timestamp with time zone,NO,
accounts_userprofile,5,updated_at,timestamp with time zone,NO,
accounts_userprofile,6,user_id,integer,NO,
accounts_userprofile,7,must_change_password,boolean,NO,
accounts_userprofile,8,can_access_user_management,boolean,NO,
accounts_userprofile,9,can_create_users,boolean,NO,
accounts_userprofile,10,can_reset_passwords,boolean,NO,
accounts_userprofile,11,can_toggle_users,boolean,NO,
accounts_userprofile,12,can_view_logs,boolean,NO,
ai_grading_profile,1,id,uuid,NO,
ai_grading_profile,2,profile_name,character varying,NO,
ai_grading_profile,3,system_prompt,text,NO,
ai_grading_profile,4,output_schema,jsonb,NO,
ai_grading_profile,5,temperature,numeric,NO,
ai_grading_profile,6,model_provider,character varying,NO,
ai_grading_profile,7,model_name,character varying,NO,
ai_grading_profile,8,is_active,boolean,NO,
ai_grading_profile,9,created_at,timestamp with time zone,NO,
ai_grading_profile,10,updated_at,timestamp with time zone,NO,
ai_grading_profile,11,assignment_level_id,uuid,YES,
assignment_level,1,id,uuid,NO,
assignment_level,2,level_code,character varying,NO,
assignment_level,3,display_name,character varying,NO,
assignment_level,4,title,character varying,NO,
assignment_level,5,instructions,text,NO,
assignment_level,6,tasks,jsonb,NO,
assignment_level,7,deliverables,jsonb,NO,
assignment_level,8,expected_outcome,text,NO,
assignment_level,9,source_filename,character varying,YES,
assignment_level,10,version,integer,NO,
assignment_level,11,configuration_status,character varying,NO,
assignment_level,12,is_active,boolean,NO,
assignment_level,13,created_at,timestamp with time zone,NO,
assignment_level,14,updated_at,timestamp with time zone,NO,
assignment_level,15,grading_configuration_id,uuid,YES,
assignment_level,16,assignment_id,uuid,NO,
assignment_level,17,objective,text,NO,
assignment_level,18,skill_statement,text,NO,
assignment_level,19,skill_statement_code,character varying,NO,
assignment_level,20,scenario,text,NO,
auth_group,1,id,integer,NO,
auth_group,2,name,character varying,NO,
auth_group_permissions,1,id,bigint,NO,
auth_group_permissions,2,group_id,integer,NO,
auth_group_permissions,3,permission_id,integer,NO,
auth_permission,1,id,integer,NO,
auth_permission,2,name,character varying,NO,
auth_permission,3,content_type_id,integer,NO,
auth_permission,4,codename,character varying,NO,
auth_user,1,id,integer,NO,
auth_user,2,password,character varying,NO,
auth_user,3,last_login,timestamp with time zone,YES,
auth_user,4,is_superuser,boolean,NO,
auth_user,5,username,character varying,NO,
auth_user,6,first_name,character varying,NO,
auth_user,7,last_name,character varying,NO,
auth_user,8,email,character varying,NO,
auth_user,9,is_staff,boolean,NO,
auth_user,10,is_active,boolean,NO,
auth_user,11,date_joined,timestamp with time zone,NO,
auth_user_groups,1,id,bigint,NO,
auth_user_groups,2,user_id,integer,NO,
auth_user_groups,3,group_id,integer,NO,
auth_user_user_permissions,1,id,bigint,NO,
auth_user_user_permissions,2,user_id,integer,NO,
auth_user_user_permissions,3,permission_id,integer,NO,
cohort,1,id,uuid,NO,
cohort,2,cohort_name,character varying,NO,
cohort,3,cohort_code,character varying,NO,
cohort,4,start_date,date,YES,
cohort,5,end_date,date,YES,
cohort,6,is_active,boolean,NO,
cohort,7,created_at,timestamp with time zone,NO,
cohort,8,updated_at,timestamp with time zone,NO,
cohort,9,module_id,uuid,NO,
criterion_result,1,id,uuid,NO,
criterion_result,2,awarded_marks,numeric,NO,
criterion_result,3,achievement_band,character varying,NO,
criterion_result,4,feedback,text,NO,
criterion_result,5,created_at,timestamp with time zone,NO,
criterion_result,6,submission_id,uuid,YES,
criterion_result,7,rubric_criterion_id,uuid,YES,
django_admin_log,1,id,integer,NO,
django_admin_log,2,action_time,timestamp with time zone,NO,
django_admin_log,3,object_id,text,YES,
django_admin_log,4,object_repr,character varying,NO,
django_admin_log,5,action_flag,smallint,NO,
django_admin_log,6,change_message,text,NO,
django_admin_log,7,content_type_id,integer,YES,
django_admin_log,8,user_id,integer,NO,
django_content_type,1,id,integer,NO,
django_content_type,3,app_label,character varying,NO,
django_content_type,4,model,character varying,NO,
django_migrations,1,id,bigint,NO,
django_migrations,2,app,character varying,NO,
django_migrations,3,name,character varying,NO,
django_migrations,4,applied,timestamp with time zone,NO,
django_session,1,session_key,character varying,NO,
django_session,2,session_data,text,NO,
django_session,3,expire_date,timestamp with time zone,NO,
extracted_evidence,1,id,uuid,NO,
extracted_evidence,2,page_number,integer,YES,
extracted_evidence,3,content_text,text,NO,
extracted_evidence,4,image_url,character varying,NO,
extracted_evidence,5,extraction_confidence,numeric,YES,
extracted_evidence,6,created_at,timestamp with time zone,NO,
extracted_evidence,7,submission_id,uuid,YES,
grading_gradingconfiguration,1,id,uuid,NO,
grading_gradingconfiguration,2,grading_config_code,character varying,NO,
grading_gradingconfiguration,3,grading_config_name,character varying,NO,
grading_gradingconfiguration,4,grading_type,character varying,NO,
grading_gradingconfiguration,5,structural_check_enabled,boolean,NO,
grading_gradingconfiguration,6,automated_testing_enabled,boolean,NO,
grading_gradingconfiguration,7,rag_enabled,boolean,NO,
grading_gradingconfiguration,8,ai_grading_enabled,boolean,NO,
grading_gradingconfiguration,9,manual_review_required,boolean,NO,
grading_gradingconfiguration,10,confidence_review_threshold,numeric,NO,
grading_gradingconfiguration,11,version,integer,NO,
grading_gradingconfiguration,12,configuration,jsonb,NO,
grading_gradingconfiguration,13,is_active,boolean,NO,
grading_gradingconfiguration,14,created_at,timestamp with time zone,NO,
grading_gradingconfiguration,15,updated_at,timestamp with time zone,NO,
learner_submission,1,id,uuid,NO,
learner_submission,2,submission_track,character varying,NO,
learner_submission,3,submitted_file,character varying,NO,
learner_submission,4,original_filename,character varying,NO,
learner_submission,5,attempt_number,integer,NO,
learner_submission,6,status,character varying,NO,
learner_submission,7,final_score,numeric,YES,
learner_submission,8,maximum_score,numeric,YES,
learner_submission,9,achieved_band,character varying,NO,
learner_submission,10,feedback,text,NO,
learner_submission,11,submitted_at,timestamp with time zone,NO,
learner_submission,12,completed_at,timestamp with time zone,YES,
learner_submission,13,assignment_level_id,uuid,NO,
learner_submission,14,learner_id,integer,NO,
learner_submission,15,context_id,uuid,NO,
lms_assessmentmapping,1,id,uuid,NO,
lms_assessmentmapping,2,name,character varying,NO,
lms_assessmentmapping,3,external_platform_id,character varying,NO,
lms_assessmentmapping,4,external_context_id,character varying,NO,
lms_assessmentmapping,5,external_resource_link_id,character varying,NO,
lms_assessmentmapping,6,is_active,boolean,NO,
lms_assessmentmapping,7,created_at,timestamp with time zone,NO,
lms_assessmentmapping,8,updated_at,timestamp with time zone,NO,
lms_assessmentmapping,9,assignment_id,uuid,NO,
lms_assessmentmapping,10,cohort_id,uuid,NO,
lms_assessmentmapping,11,created_by_id,integer,YES,
lms_assessmentmapping,12,updated_by_id,integer,YES,
lms_assessmentmapping,13,lti_client_id,character varying,NO,
lms_assessmentmapping,14,lti_deployment_id,character varying,NO,
lms_assessmentmapping,15,lti_jwks_url,character varying,NO,
lms_assessmentmapping,16,lti_access_token_url,character varying,NO,
lms_assessmentmapping,17,final_mark_weight,numeric,NO,
lms_assessmentmapping,18,due_date,timestamp with time zone,YES,
lms_assessmentmapping,19,lti_ags_lineitem_url,character varying,NO,
lms_assessmentmapping,20,lti_ags_lineitems_url,character varying,NO,
lms_ltiuseridentity,1,id,bigint,NO,
lms_ltiuseridentity,2,issuer,character varying,NO,
lms_ltiuseridentity,3,deployment_id,character varying,NO,
lms_ltiuseridentity,4,lti_user_id,character varying,NO,
lms_ltiuseridentity,5,created_at,timestamp with time zone,NO,
lms_ltiuseridentity,6,updated_at,timestamp with time zone,NO,
lms_ltiuseridentity,7,user_id,integer,NO,
module,1,id,uuid,NO,
module,2,module_code,character varying,NO,
module,3,module_name,character varying,NO,
module,4,description,text,NO,
module,5,is_active,boolean,NO,
module,6,created_at,timestamp with time zone,NO,
module,7,updated_at,timestamp with time zone,NO,
module,8,qualification_id,uuid,NO,
module_assignment,1,level,character varying,NO,
module_assignment,2,id,uuid,NO,
module_assignment,3,assignment_code,character varying,NO,
module_assignment,4,assignment_title,character varying,NO,
module_assignment,5,skill_statement_code,character varying,NO,
module_assignment,6,skill_statement,text,NO,
module_assignment,7,objective,text,NO,
module_assignment,8,maximum_score,numeric,NO,
module_assignment,9,minimum_pass_score,numeric,NO,
module_assignment,10,is_summative,boolean,NO,
module_assignment,11,contributes_to_final_mark,boolean,NO,
module_assignment,12,final_mark_weight,numeric,NO,
module_assignment,13,is_active,boolean,NO,
module_assignment,14,created_at,timestamp with time zone,NO,
module_assignment,15,updated_at,timestamp with time zone,NO,
module_assignment,16,grading_configuration_id,uuid,YES,
module_assignment,17,module_id,uuid,NO,
prompt,1,id,uuid,NO,
prompt,2,stage,character varying,NO,
prompt,3,prompt_text,text,NO,
prompt,4,prompt_payload,jsonb,NO,
prompt,5,created_at,timestamp with time zone,NO,
prompt,6,submission_id,uuid,YES,
qualification,1,id,uuid,NO,
qualification,2,qualification_code,character varying,NO,
qualification,3,qualification_name,character varying,NO,
qualification,4,description,text,NO,
qualification,5,is_active,boolean,NO,
qualification,6,created_at,timestamp with time zone,NO,
qualification,7,updated_at,timestamp with time zone,NO,
rag_chunk,1,id,uuid,NO,
rag_chunk,2,chunk_index,integer,NO,
rag_chunk,3,content,text,NO,
rag_chunk,4,token_count,integer,YES,
rag_chunk,5,metadata,jsonb,NO,
rag_chunk,6,embedding,USER-DEFINED,YES,
rag_chunk,7,created_at,timestamp with time zone,NO,
rag_chunk,8,rag_source_id,uuid,YES,
rag_source,1,id,uuid,NO,
rag_source,2,source_type,character varying,NO,
rag_source,3,title,character varying,NO,
rag_source,4,source_filename,character varying,YES,
rag_source,5,storage_uri,text,YES,
rag_source,6,source_text,text,YES,
rag_source,7,metadata,jsonb,NO,
rag_source,8,ingestion_status,character varying,NO,
rag_source,9,created_at,timestamp with time zone,NO,
rag_source,10,assignment_level_id,uuid,YES,
response,1,id,uuid,NO,
response,2,model_name,character varying,NO,
response,3,response_payload,jsonb,NO,
response,4,confidence_score,numeric,YES,
response,5,created_at,timestamp with time zone,NO,
response,6,prompt_id,uuid,YES,
rubric_band,1,id,uuid,NO,
rubric_band,2,band_code,character varying,NO,
rubric_band,3,display_name,character varying,NO,
rubric_band,4,minimum_percentage,numeric,NO,
rubric_band,5,maximum_percentage,numeric,NO,
rubric_band,6,descriptor,text,NO,
rubric_band,7,sequence,integer,NO,
rubric_band,8,rubric_criterion_id,uuid,YES,
rubric_criterion,1,id,uuid,NO,
rubric_criterion,2,criterion_code,character varying,NO,
rubric_criterion,3,title,character varying,NO,
rubric_criterion,4,description,text,NO,
rubric_criterion,5,maximum_score,numeric,NO,
rubric_criterion,6,sequence,integer,NO,
rubric_criterion,7,ai_gradable,boolean,NO,
rubric_criterion,8,deterministic,boolean,NO,
rubric_criterion,9,created_at,timestamp with time zone,NO,
rubric_criterion,10,assignment_level_id,uuid,YES,
submission_task_mapping,1,id,uuid,NO,
submission_task_mapping,2,task_id,character varying,NO,
submission_task_mapping,3,task_description,text,NO,
submission_task_mapping,4,mapped_page_numbers,jsonb,NO,
submission_task_mapping,5,confidence_score,numeric,NO,
submission_task_mapping,6,justification,text,NO,
submission_task_mapping,7,created_at,timestamp with time zone,NO,
submission_task_mapping,8,submission_id,uuid,NO,
submissions_submissioncontext,1,id,uuid,NO,
submissions_submissioncontext,2,is_active,boolean,NO,
submissions_submissioncontext,3,created_at,timestamp with time zone,NO,
submissions_submissioncontext,4,updated_at,timestamp with time zone,NO,
submissions_submissioncontext,5,assessment_mapping_id,uuid,YES,
submissions_submissioncontext,6,assignment_level_id,uuid,YES,
submissions_submissioncontext,7,cohort_id,uuid,NO,
submissions_submissioncontext,8,learner_id,integer,NO,
submissions_submissionpage,1,id,uuid,NO,
submissions_submissionpage,2,page_number,integer,NO,
submissions_submissionpage,3,extracted_text,text,NO,
submissions_submissionpage,4,image_data,bytea,YES,
submissions_submissionpage,5,image_mime_type,character varying,NO,
submissions_submissionpage,6,created_at,timestamp with time zone,NO,
submissions_submissionpage,7,submission_id,uuid,NO,
task,1,id,uuid,NO,
task,2,task_code,character varying,NO,
task,3,title,character varying,NO,
task,4,instructions,text,NO,
task,5,sequence,integer,NO,
task,6,created_at,timestamp with time zone,NO,
task,7,assignment_level_id,uuid,YES,
task_criteria_mapping,1,id,uuid,NO,
task_criteria_mapping,2,inferred_weight,numeric,NO,
task_criteria_mapping,3,ai_explanation,text,NO,
task_criteria_mapping,4,created_at,timestamp with time zone,NO,
task_criteria_mapping,5,assignment_level_id,uuid,YES,
task_criteria_mapping,6,rubric_criterion_id,uuid,YES,
task_criteria_mapping,7,task_id,uuid,YES,
task_criterion_weight,1,id,uuid,NO,
task_criterion_weight,2,weight_percentage,numeric,NO,
task_criterion_weight,3,band,character varying,NO,
task_criterion_weight,4,rubric_criterion_id,uuid,YES,
task_criterion_weight,5,task_id,uuid,YES,
task_evidence_map,1,id,uuid,NO,
task_evidence_map,2,mapping_role,character varying,NO,
task_evidence_map,3,confidence_score,numeric,YES,
task_evidence_map,4,evidence_id,uuid,YES,
task_evidence_map,5,task_id,uuid,YES,
